epoch,time,train/box_loss,train/cls_loss,train/dfl_loss,metrics/precision(B),metrics/recall(B),metrics/mAP50(B),metrics/mAP50-95(B),val/box_loss,val/cls_loss,val/dfl_loss,lr/pg0,lr/pg1,lr/pg2
1,32.0665,0,40.4747,0,0,0,0,0,0,65.8174,0,0.00010002,0.00010002,0.00010002
2,62.1062,0,39.0681,0,0,0,0,0,0,65.6623,0,0.000214565,0.000214565,0.000214565
3,87.0062,0,36.7761,0,0,0,0,0,0,65.621,0,0.000326799,0.000326799,0.000326799
4,111.192,0,34.5703,0,0,0,0,0,0,65.2832,0,0.000436722,0.000436722,0.000436722
5,135.558,0,32.6817,0,0,0,0,0,0,63.2914,0,0.000544336,0.000544336,0.000544336
6,159.978,0,30.7618,0,0,0,0,0,0,61.6405,0,0.000649638,0.000649638,0.000649638
7,184.558,0,29.0182,0,0,0,0,0,0,57.3139,0,0.00075263,0.00075263,0.00075263
8,209.207,0,27.6137,0,0,0,0,0,0,53.9593,0,0.000853312,0.000853312,0.000853312
9,234.52,0,27.0616,0,0,0,0,0,0,69.8138,0,0.000951684,0.000951684,0.000951684
10,260.359,0,26.1657,0,0,0,0,0,0,47.1089,0,0.00104774,0.00104774,0.00104774
11,286.174,0,25.2221,0,0,0,0,0,0,50.2543,0,0.00114149,0.00114149,0.00114149
12,312.479,0,24.3249,0,0,0,0,0,0,18.6635,0,0.00123293,0.00123293,0.00123293
13,338.061,0,23.3419,0,0,0,0,0,0,21.2667,0,0.00132206,0.00132206,0.00132206
14,364.711,0,22.5852,0,0,0,0,0,0,35.8856,0,0.00140888,0.00140888,0.00140888
15,390.398,0,21.7521,0,0,0,0,0,0,36.5404,0,0.00143595,0.00143595,0.00143595
16,416.463,0,20.8734,0,0,0,0,0,0,20.2968,0,0.00141945,0.00141945,0.00141945
17,441.848,0,20.0625,0,0,0,0,0,0,136.683,0,0.00140295,0.00140295,0.00140295
18,467.309,0,19.3744,0,0,0,0,0,0,688.769,0,0.00138644,0.00138644,0.00138644
19,493.697,0,18.6549,0,0,0,0,0,0,5385.71,0,0.00136994,0.00136994,0.00136994
20,518.993,0,17.9067,0,0,0,0,0,0,41.6633,0,0.00135344,0.00135344,0.00135344
21,544.731,0,17.1175,0,0,0,0,0,0,2103.26,0,0.00133693,0.00133693,0.00133693
22,570.792,0,16.4583,0,0,0,0,0,0,10.7332,0,0.00132043,0.00132043,0.00132043
23,596.4,0,15.865,0,0,0,0,0,0,886.399,0,0.00130393,0.00130393,0.00130393
24,622.252,0,15.1975,0,0,0,0,0,0,9120.27,0,0.00128742,0.00128742,0.00128742
25,647.96,0,14.537,0,0,0,0,0,0,91.1173,0,0.00127092,0.00127092,0.00127092
26,673.627,0,13.9558,0,0,0,0,0,0,2.71737,0,0.00125442,0.00125442,0.00125442
27,699.372,0,13.4188,0,0,0,0,0,0,66.3596,0,0.00123791,0.00123791,0.00123791
28,724.893,0,12.859,0,0,0,0,0,0,10.7374,0,0.00122141,0.00122141,0.00122141
29,750.83,0,12.3288,0,0,0,0,0,0,903.394,0,0.00120491,0.00120491,0.00120491
30,776.55,0,11.8115,0,0,0,0,0,0,18.1994,0,0.0011884,0.0011884,0.0011884
31,802.21,0,11.3345,0,0,0,0,0,0,17.76,0,0.0011719,0.0011719,0.0011719
32,825.779,0,10.8521,0,0,0,0,0,0,17.2183,0,0.0011554,0.0011554,0.0011554
33,848.708,0,10.3953,0,0,0,0,0,0,16.7843,0,0.00113889,0.00113889,0.00113889
34,871.709,0,9.98205,0,0,0,0,0,0,12.4249,0,0.00112239,0.00112239,0.00112239
35,894.352,0,9.55859,0,0,0,0,0,0,10.1259,0,0.00110589,0.00110589,0.00110589
36,918.199,0,9.14137,0,0,0,0,0,0,11.4901,0,0.00108938,0.00108938,0.00108938
37,942.841,0,8.73649,0,0,0,0,0,0,12.3314,0,0.00107288,0.00107288,0.00107288
38,968.336,0,8.38108,0,0,0,0,0,0,12.8903,0,0.00105638,0.00105638,0.00105638
39,993.811,0,8.03738,0,0,0,0,0,0,12.5249,0,0.00103987,0.00103987,0.00103987
40,1019.38,0,7.68214,0,0,0,0,0,0,12.4352,0,0.00102337,0.00102337,0.00102337
41,1043.34,0,7.34537,0,0,0,0,0,0,12.0569,0,0.00100687,0.00100687,0.00100687
42,1069.39,0,7.05865,0,0,0,0,0,0,10.8838,0,0.000990365,0.000990365,0.000990365
43,1095.87,0,6.77479,0,0,0,0,0,0,10.9282,0,0.000973861,0.000973861,0.000973861
44,1122.99,0,6.50063,0,0,0,0,0,0,10.362,0,0.000957358,0.000957358,0.000957358
45,1149.94,0,6.22501,0,0,0,0,0,0,10.308,0,0.000940855,0.000940855,0.000940855
46,1176.67,0,5.98922,0,0,0,0,0,0,9.86257,0,0.000924352,0.000924352,0.000924352
47,1202.69,0,5.75776,0,0,0,0,0,0,9.49728,0,0.000907848,0.000907848,0.000907848
48,1227.97,0,5.51662,0,0,0,0,0,0,9.1371,0,0.000891345,0.000891345,0.000891345
49,1253.05,0,5.31136,0,0,0,0,0,0,8.85831,0,0.000874842,0.000874842,0.000874842
50,1279.2,0,5.08947,0,0,0,0,0,0,8.57979,0,0.000858338,0.000858338,0.000858338
51,1303.91,0,4.90412,0,0,0,0,0,0,8.3228,0,0.000841835,0.000841835,0.000841835
52,1328.86,0,4.70932,0,0,0,0,0,0,7.94464,0,0.000825332,0.000825332,0.000825332
53,1353.55,0,4.51906,0,0,0,0,0,0,7.74199,0,0.000808828,0.000808828,0.000808828
54,1378.09,0,4.35461,0,0,0,0,0,0,7.3814,0,0.000792325,0.000792325,0.000792325
55,1403.82,0,4.20325,0,0,0,0,0,0,7.06093,0,0.000775822,0.000775822,0.000775822
56,1430.15,0,4.0485,0,0,0,0,0,0,6.67305,0,0.000759318,0.000759318,0.000759318
57,1455.79,0,3.89364,0,0,0,0,0,0,6.53381,0,0.000742815,0.000742815,0.000742815
58,1481.58,0,3.76436,0,0,0,0,0,0,6.54972,0,0.000726312,0.000726312,0.000726312
59,1507.35,0,3.63794,0,0,0,0,0,0,6.33554,0,0.000709809,0.000709809,0.000709809
60,1533.49,0,3.51011,0,0,0,0,0,0,5.96603,0,0.000693305,0.000693305,0.000693305
61,1559.3,0,3.385,0,0,0,0,0,0,5.86107,0,0.000676802,0.000676802,0.000676802
62,1585.17,0,3.27634,0,0,0,0,0,0,7.01809,0,0.000660299,0.000660299,0.000660299
63,1610.58,0,3.17965,0,0,0,0,0,0,93.1103,0,0.000643795,0.000643795,0.000643795
64,1635.81,0,3.07531,0,0,0,0,0,0,15.3787,0,0.000627292,0.000627292,0.000627292
65,1661.61,0,2.97601,0,0,0,0,0,0,10.573,0,0.000610789,0.000610789,0.000610789
66,1687.4,0,2.8909,0,0,0,0,0,0,37.6492,0,0.000594286,0.000594286,0.000594286
67,1713.65,0,2.8086,0,0,0,0,0,0,12.0046,0,0.000577782,0.000577782,0.000577782
68,1739.55,0,2.72333,0,0,0,0,0,0,4.62665,0,0.000561279,0.000561279,0.000561279
69,1765.43,0,2.64232,0,0,0,0,0,0,4.54427,0,0.000544776,0.000544776,0.000544776
70,1791.95,0,2.57368,0,0,0,0,0,0,4.40743,0,0.000528272,0.000528272,0.000528272
71,1817.84,0,2.50843,0,0,0,0,0,0,4.32696,0,0.000511769,0.000511769,0.000511769
72,1843.67,0,2.44157,0,0,0,0,0,0,4.21156,0,0.000495266,0.000495266,0.000495266
73,1869.58,0,2.37369,0,0,0,0,0,0,4.13444,0,0.000478762,0.000478762,0.000478762
74,1895.44,0,2.32047,0,0,0,0,0,0,4.01424,0,0.000462259,0.000462259,0.000462259
75,1921.03,0,2.27357,0,0,0,0,0,0,3.96622,0,0.000445756,0.000445756,0.000445756
76,1946.27,0,2.21473,0,0,0,0,0,0,3.84193,0,0.000429253,0.000429253,0.000429253
77,1970.97,0,2.16461,0,0,0,0,0,0,3.77282,0,0.000412749,0.000412749,0.000412749
78,1995.58,0,2.11845,0,0,0,0,0,0,3.67375,0,0.000396246,0.000396246,0.000396246
79,2019.03,0,2.07663,0,0,0,0,0,0,3.60191,0,0.000379743,0.000379743,0.000379743
80,2041.98,0,2.03525,0,0,0,0,0,0,3.51241,0,0.000363239,0.000363239,0.000363239
81,2065.1,0,1.99454,0,0,0,0,0,0,3.46004,0,0.000346736,0.000346736,0.000346736
82,2088.95,0,1.96167,0,0,0,0,0,0,3.3856,0,0.000330233,0.000330233,0.000330233
83,2115.37,0,1.93133,0,0,0,0,0,0,3.30351,0,0.000313729,0.000313729,0.000313729
84,2141.18,0,1.89644,0,0,0,0,0,0,3.23524,0,0.000297226,0.000297226,0.000297226
85,2167.31,0,1.86407,0,0,0,0,0,0,3.20625,0,0.000280723,0.000280723,0.000280723
86,2193.21,0,1.8401,0,0,0,0,0,0,3.15906,0,0.00026422,0.00026422,0.00026422
87,2218.79,0,1.81507,0,0,0,0,0,0,3.11514,0,0.000247716,0.000247716,0.000247716
88,2244.1,0,1.79143,0,0,0,0,0,0,3.06687,0,0.000231213,0.000231213,0.000231213
89,2268.39,0,1.76758,0,0,0,0,0,0,3.04479,0,0.00021471,0.00021471,0.00021471
90,2294.24,0,1.74951,0,0,0,0,0,0,3.017,0,0.000198206,0.000198206,0.000198206
91,2319.97,0,1.73281,0,0,0,0,0,0,2.98812,0,0.000181703,0.000181703,0.000181703
92,2344.63,0,1.71645,0,0,0,0,0,0,2.96888,0,0.0001652,0.0001652,0.0001652
93,2370.24,0,1.70014,0,0,0,0,0,0,2.95276,0,0.000148696,0.000148696,0.000148696
94,2393.99,0,1.68873,0,0,0,0,0,0,2.92492,0,0.000132193,0.000132193,0.000132193
95,2418.39,0,1.67835,0,0,0,0,0,0,2.89851,0,0.00011569,0.00011569,0.00011569
96,2442.91,0,1.66668,0,0,0,0,0,0,2.87665,0,9.91865e-05,9.91865e-05,9.91865e-05
97,2468.07,0,1.65825,0,0,0,0,0,0,2.86574,0,8.26832e-05,8.26832e-05,8.26832e-05
98,2492.64,0,1.65192,0,0,0,0,0,0,2.85543,0,6.61799e-05,6.61799e-05,6.61799e-05
99,2517.17,0,1.64628,0,0,0,0,0,0,2.84638,0,4.96766e-05,4.96766e-05,4.96766e-05
100,2542.18,0,1.64261,0,0,0,0,0,0,2.84285,0,3.31733e-05,3.31733e-05,3.31733e-05
